epoch,accuracy,auc,auc_pr,learning_rate,loss,precision,recall,val_accuracy,val_auc,val_auc_pr,val_loss,val_precision,val_recall
0,0.8427914381027222,0.9205653667449951,0.9703004360198975,9.999999747378752e-06,0.3654032349586487,0.9525926113128662,0.829677402973175,0.5625,0.6796875,0.7100062370300293,0.7384387850761414,0.5333333611488342,1.0
1,0.9093174934387207,0.966499388217926,0.987820029258728,9.999999747378752e-06,0.2312687784433365,0.971975564956665,0.9039999842643738,0.625,0.828125,0.8110718727111816,0.8060657978057861,0.5714285969734192,1.0
2,0.9146856069564819,0.9713669419288635,0.9900750517845154,9.999999747378752e-06,0.21061158180236816,0.9748061895370483,0.9086451530456543,0.8125,0.9453125,0.9521633386611938,0.3447668254375458,0.7272727489471436,1.0
3,0.9223542809486389,0.9755247235298157,0.9915370941162109,9.999999747378752e-06,0.19414445757865906,0.9774353504180908,0.9166451692581177,0.5625,0.9375,0.9376996159553528,0.966265082359314,1.0,0.125
4,0.9233129024505615,0.9769032001495361,0.9916655421257019,9.999999747378752e-06,0.18725498020648956,0.9801049828529358,0.91535484790802,0.875,0.953125,0.9569684267044067,0.37616679072380066,0.800000011920929,1.0
