epoch,accuracy,auc,auc_pr,learning_rate,loss,precision,recall,val_accuracy,val_auc,val_auc_pr,val_loss,val_precision,val_recall
0,0.5187883377075195,0.5347012281417847,0.7661525011062622,9.999999747378752e-05,0.7266981601715088,0.7638190984725952,0.5099354982376099,0.5,0.828125,0.877777099609375,0.6799168586730957,0.0,0.0
1,0.5701687335968018,0.6057456135749817,0.8055660128593445,9.999999747378752e-05,0.678021252155304,0.7965855598449707,0.565935492515564,0.625,0.8359375,0.8814629912376404,0.6523752212524414,0.6000000238418579,0.75
2,0.6163727045059204,0.667090892791748,0.8430270552635193,9.999999747378752e-05,0.6497657895088196,0.8219931125640869,0.6172903180122375,0.6875,0.8359375,0.8814629912376404,0.6204612255096436,0.6666666865348816,0.75
3,0.6807898879051208,0.7325106263160706,0.8793973326683044,9.999999747378752e-05,0.6149439215660095,0.8507936596870422,0.6916128993034363,0.8125,0.8359375,0.8814629912376404,0.5921683311462402,0.8571428656578064,0.75
4,0.714532196521759,0.7749267816543579,0.9046478271484375,9.999999747378752e-05,0.5805895924568176,0.8772928714752197,0.7158709764480591,0.75,0.84375,0.8856399059295654,0.5648555159568787,0.75,0.75
5,0.7367714643478394,0.7973527908325195,0.91569584608078,9.999999747378752e-05,0.5555848479270935,0.8797814249992371,0.7478709816932678,0.75,0.8359375,0.8814630508422852,0.5514465570449829,0.75,0.75
6,0.7361963391304016,0.8171606659889221,0.9289788603782654,9.999999747378752e-05,0.5333530902862549,0.8901030421257019,0.735741913318634,0.625,0.8203125,0.8656781911849976,0.6115516424179077,0.5833333134651184,0.875
7,0.7473159432411194,0.8202744722366333,0.9310261011123657,9.999999747378752e-05,0.5274818539619446,0.8913376331329346,0.7514838576316833,0.6875,0.8125,0.8547048568725586,0.5526018142700195,0.6363636255264282,0.875
